[
    {
       "que":"What is Strict mood ",
       "ans":"Strict mode is a way to introduce better error-checking into our code."
    },
    {
       "que":"What is Inheritance",
       "ans":"Inheritance is the concept where one class inherits the properties from another class.it is mainly used for code re-usability, also called is-a relationship"
    },
    {
       "que":"What is Prototype",
       "ans":"Properties added to the prototype of a class gets available to all the objects of that class"
    },
    {
      "que":"What is Hoisting ",
      "ans":"Hoisting is JavaScript's default behavior of moving all declarations to the top of the current scope (to the top of the current script or the current function)."
   },
   {
      "que":"Explain IIFE",
      "ans":"A self-invoking expression is invoked (started) automatically, without being called."
   },
   {
      "que":"Explain Promise",
      "ans":"The Promise object represents the eventual completion or failure of an asynchronous operation, and its resulting value."
   },
   {
      "que":"Explain the CallBack",
      "ans":"A callback is a plain JavaScript function passed to some method as an argument or option. It is a function that is to be executed after another function has finished executing, hence the name ‘call back‘."
   },
   {
      "que":"Explain the this keyword?",
      "ans":"The JavaScript this keyword refers to the object it belongs to. ... In a function, this refers to the global object. In a function, in strict mode, this is undefined ."
   },
   {
      "que":"Function closure",
      "ans":"A closure is an inner function which has access to its own variable, outer function variable and global variables even after outer function execution is completed."
   },
   {
      "que":"",
      "ans":""
   }
 ]